<Entity 
  name="$projectile_default" tags="projectile_player"
   >

	<Base file="data/entities/base_projectile.xml" >
		<VelocityComponent
			air_friction="1.0"
			mass="0.06"
			>
		</VelocityComponent>
	</Base>

  <ProjectileComponent 
    _enabled="1" 
    lob_min="0.1"
    lob_max="0.1"
    speed_min="800"
    speed_max="1000"
    direction_random_rad="0.1"
    on_death_explode="1"
    on_death_gfx_leave_sprite="0" 
    on_lifetime_out_explode="1"
    explosion_dont_damage_shooter="1" 
    on_collision_die="1"
    lifetime="30"
    damage="0.6"
    velocity_sets_scale="0"
    lifetime_randomness="7"
    ragdoll_force_multiplier="0.0025"
    hit_particle_force_multiplier="0.25 "
    camera_shake_when_shot="5.0"
    create_shell_casing="0"
    bounces_left="0"
    shoot_light_flash_radius="200" 
    ragdoll_fx_on_collision="BLOOD_EXPLOSION"
    muzzle_flash_file="data/entities/particles/muzzle_flashes/muzzle_flash_laser_green.xml"
    knockback_force="20.0"
    physics_impulse_coeff="2000"
	>
    <config_explosion
      never_cache="1" 
      camera_shake="0.0" 
      explosion_radius="7" 
      explosion_sprite="data/particles/explosion_008_plasma_green.xml"
      explosion_sprite_lifetime="0" 
      create_cell_probability="0" 
      hole_destroy_liquid="0" 
      hole_enabled="1" 
      ray_energy="80000"
      damage="0.0"
      hole_image="data/temp/explosion_hole.png" 
      particle_effect="0 " 
      damage_mortals="1" 
	  physics_explosion_power.min="0.3"
      physics_explosion_power.max="0.5" 
      physics_throw_enabled="1" 
      shake_vegetation="1" 
      sparks_count_max="20" 
      sparks_count_min="7" 
      sparks_enabled="0" 
      light_enabled="0" 
      stains_enabled="1"
      stains_radius="1"
      max_durability_to_destroy="10" >
    </config_explosion>
  </ProjectileComponent>
  
  <SpriteComponent 
    _enabled="1" 
    alpha="1" 
    image_file="mods/ShotgunMod/files/items_gfx/shells_projectile.png" 
    next_rect_animation="" 
    offset_x="2" 
    offset_y="2" 
    rect_animation="" 
     
     >
  </SpriteComponent>
  
  <LightComponent 
    _enabled="1" 
    radius="10" >
  </LightComponent>

  <AudioComponent
      file="data/audio/Desktop/projectiles.bank"
      event_root="player_projectiles/buckshot_magic">
  </AudioComponent>
  
	<VariableStorageComponent
		name="projectile_file"
		value_string="data/entities/projectiles/deck/buckshot_player.xml"
		>
	</VariableStorageComponent>

  <LuaComponent
    script_source_file="mods/ShotgunMod/files/distance_damage.lua"
    execute_every_n_frame="1">
  </LuaComponent>

</Entity>

